{
    "welcomerenabled": false,
    "welcomerchannel": 0,
    "welcomermessage": "Welcome {user} to {server}!",
    "userjoinenabled": false,
    "userjoinedrole": 0,
    "userjoinedname": 0,
    "staffrole": "456486925210091531",
    "staffadminenabled": false,
    "stafflinkblocker": false,
    "stafffilter": [],
    "staffautoban": 0,
    "loggingenabled": false,
    "loggingchannel": 0,
    "logginglevel": "medium",
    "ticketsenabled": false,
    "ticketsmsg": 0,
    "economyenabled": false,
    "economyrobbing": false,
    "economypay": true,
    "economysymbol": 0,
    "musicenabled": false,
    "selfroleslist": [],
    "levellingenabled": false
}